Country,Region,Year,Happiness_Score,GDP_per_Capita,Social_Support,Healthy_Life_Expectancy,Freedom,Generosity,Corruption_Perception,Population_Category
Finland,Western Europe,2020,7.448,1.1103,0.9197,0.6416,0.8,0.1313,0.4673,Very Large
Denmark,Western Europe,2020,7.584,1.1141,0.9317,0.5928,0.8,0.1694,0.3168,Very Large
Norway,Western Europe,2020,6.338,0.9225,0.72,0.5164,0.6517,0.037,0.5516,Very Large
Iceland,Western Europe,2020,7.087,1.0664,0.7935,0.5506,0.7851,0.0579,0.4481,Large
Netherlands,Western Europe,2020,6.9,1.0204,0.8039,0.6075,0.7583,0.0654,0.4809,Very Large
Switzerland,Western Europe,2020,6.59,0.9989,0.7124,0.4873,0.7347,0.2091,0.4797,Very Large
Sweden,Western Europe,2020,7.142,1.0563,0.7979,0.5498,0.7626,0.2346,0.4424,Very Large
Austria,Western Europe,2020,6.318,0.964,0.7428,0.4852,0.7256,0.2325,0.5318,Large
Luxembourg,Western Europe,2020,6.78,1.0016,0.8269,0.5717,0.7219,0.1351,0.4133,Very Large
United Kingdom,Western Europe,2020,6.602,1.0309,0.8465,0.526,0.7764,0.1789,0.446,Very Large
Ireland,Western Europe,2020,7.381,1.184,0.8843,0.6374,0.6809,0.2158,0.413,Very Large
Germany,Western Europe,2020,7.05,1.0622,0.7666,0.5574,0.7934,0.2682,0.4152,Very Large
Belgium,Western Europe,2020,6.796,0.9943,0.8521,0.5535,0.721,0.1911,0.4602,Very Large
France,Western Europe,2020,7.684,1.1175,0.909,0.603,0.7721,0.1737,0.3957,Very Large
Spain,Western Europe,2020,7.203,1.0687,0.8077,0.5636,0.7751,0.0858,0.4173,Very Large
Italy,Western Europe,2020,7.402,1.2046,0.8952,0.5999,0.8,-0.0035,0.4068,Very Large
Canada,North America,2020,7.03,1.1777,0.8359,0.5715,0.7716,0.0565,0.4833,Very Large
United States,North America,2020,7.376,1.1459,0.8487,0.6322,0.7413,0.1969,0.4975,Very Large
Mexico,North America,2020,6.505,0.9474,0.7846,0.5053,0.638,0.1555,0.4371,Very Large
Costa Rica,North America,2020,7.237,1.0395,0.9304,0.5554,0.7799,0.2151,0.3718,Very Large
Panama,North America,2020,7.114,1.1324,0.7893,0.5746,0.7955,0.2125,0.3814,Large
Australia,Australia and New Zealand,2020,6.64,1.0221,0.8087,0.5387,0.7477,0.0956,0.4781,Very Large
New Zealand,Australia and New Zealand,2020,7.447,1.0813,0.9682,0.6099,0.7596,0.2025,0.3653,Very Large
Israel,Middle East and North Africa,2020,6.394,1.017,0.7344,0.5404,0.7239,0.2158,0.5644,Very Large
United Arab Emirates,Middle East and North Africa,2020,5.877,0.8439,0.6697,0.4457,0.6426,0.1773,0.5409,Very Large
Saudi Arabia,Middle East and North Africa,2020,6.414,0.9627,0.8278,0.5051,0.8,0.2001,0.4526,Very Large
Qatar,Middle East and North Africa,2020,5.465,0.8438,0.6468,0.4586,0.6248,0.1442,0.529,Large
Kuwait,Middle East and North Africa,2020,5.243,0.7641,0.6634,0.4258,0.5144,0.1639,0.596,Very Large
Bahrain,Middle East and North Africa,2020,5.558,0.8414,0.6693,0.4104,0.6293,0.1949,0.5987,Very Large
Jordan,Middle East and North Africa,2020,6.527,0.9102,0.7457,0.5376,0.7436,0.1912,0.632,Very Large
Morocco,Middle East and North Africa,2020,6.285,0.9996,0.7924,0.5224,0.6756,0.2107,0.4663,Very Large
Egypt,Middle East and North Africa,2020,5.882,0.858,0.7091,0.54,0.5536,0.2049,0.465,Very Large
Chile,Latin America and Caribbean,2020,5.864,0.9341,0.7063,0.4368,0.6093,0.2044,0.5017,Large
Brazil,Latin America and Caribbean,2020,6.208,0.9335,0.7189,0.561,0.7146,-0.012,0.5108,Very Large
Argentina,Latin America and Caribbean,2020,5.769,0.908,0.6606,0.4581,0.6599,0.2193,0.4905,Very Large
Uruguay,Latin America and Caribbean,2020,5.933,0.8662,0.6858,0.5276,0.6729,0.0491,0.5621,Very Large
Colombia,Latin America and Caribbean,2020,7.161,1.1258,0.7986,0.5584,0.8,0.0934,0.4449,Very Large
Ecuador,Latin America and Caribbean,2020,6.487,0.9268,0.7761,0.4217,0.6624,0.1298,0.4311,Very Large
Peru,Latin America and Caribbean,2020,6.916,0.9659,0.8123,0.5572,0.8,0.0351,0.4932,Large
Paraguay,Latin America and Caribbean,2020,6.105,0.8667,0.7511,0.4944,0.6416,0.1556,0.4962,Very Large
Bolivia,Latin America and Caribbean,2020,6.157,0.9566,0.8023,0.4554,0.7839,-0.0062,0.5014,Very Large
Venezuela,Latin America and Caribbean,2020,6.394,0.9732,0.7424,0.5053,0.6787,0.1029,0.5225,Very Large
Czech Republic,Eastern Europe,2020,5.979,0.8621,0.7534,0.4875,0.6983,0.2004,0.4886,Very Large
Poland,Eastern Europe,2020,5.52,0.8654,0.6868,0.441,0.6131,0.2522,0.5347,Very Large
Lithuania,Eastern Europe,2020,6.074,0.9009,0.7201,0.5188,0.7094,0.2151,0.5663,Very Large
Russia,Eastern Europe,2020,5.811,0.9057,0.6848,0.4746,0.6326,0.1578,0.559,Large
Latvia,Eastern Europe,2020,5.391,0.9133,0.6067,0.3948,0.6509,0.2133,0.5937,Very Large
Romania,Eastern Europe,2020,6.114,0.9165,0.6978,0.4914,0.6387,0.228,0.505,Large
Serbia,Eastern Europe,2020,5.387,0.792,0.663,0.4141,0.5515,0.1695,0.5788,Very Large
Bulgaria,Eastern Europe,2020,5.547,0.8084,0.6749,0.4003,0.5397,0.0925,0.5477,Very Large
Ukraine,Eastern Europe,2020,5.955,0.9671,0.749,0.4716,0.6541,0.0698,0.5228,Very Large
Belarus,Eastern Europe,2020,5.656,0.8645,0.6456,0.468,0.6988,0.1413,0.5636,Very Large
Singapore,Southeast Asia,2020,6.245,0.9167,0.7584,0.5,0.6918,0.0882,0.5014,Very Large
Thailand,Southeast Asia,2020,6.149,0.9949,0.7763,0.5565,0.638,0.2198,0.5154,Very Large
Philippines,Southeast Asia,2020,6.995,1.0088,0.8058,0.5416,0.6632,0.1079,0.41,Very Large
Indonesia,Southeast Asia,2020,5.975,0.9134,0.7921,0.5065,0.6284,0.0781,0.5417,Very Large
Vietnam,Southeast Asia,2020,5.24,0.8776,0.676,0.4051,0.4907,0.2583,0.5762,Large
Malaysia,Southeast Asia,2020,6.519,0.8981,0.7583,0.5217,0.7194,0.114,0.5034,Very Large
Myanmar,Southeast Asia,2020,5.366,0.7978,0.6488,0.4447,0.6259,0.06,0.5093,Very Large
Cambodia,Southeast Asia,2020,6.539,0.9974,0.7547,0.5696,0.7251,0.2443,0.4796,Very Large
Laos,Southeast Asia,2020,6.93,1.1273,0.8217,0.5836,0.7946,0.2595,0.407,Very Large
Taiwan,East Asia,2020,6.743,1.0644,0.7388,0.5039,0.6398,0.1284,0.4893,Very Large
Japan,East Asia,2020,7.151,1.0764,0.9233,0.5307,0.7015,0.1456,0.4433,Very Large
South Korea,East Asia,2020,6.384,0.8542,0.7625,0.4716,0.7357,0.1793,0.4517,Very Large
China,East Asia,2020,6.143,0.8685,0.7347,0.5201,0.6265,0.1903,0.4873,Very Large
Hong Kong,East Asia,2020,6.004,0.8952,0.679,0.4637,0.6005,0.3072,0.5211,Very Large
Mongolia,East Asia,2020,6.05,0.9182,0.7215,0.4774,0.6962,0.2106,0.4948,Very Large
India,South Asia,2020,4.212,0.6181,0.4134,0.2915,0.5317,0.2816,0.6531,Very Large
Pakistan,South Asia,2020,4.788,0.7338,0.6977,0.4166,0.5203,0.0736,0.5527,Very Large
Bangladesh,South Asia,2020,4.602,0.6524,0.4953,0.3487,0.4521,0.285,0.6671,Very Large
Sri Lanka,South Asia,2020,4.496,0.7484,0.5426,0.3338,0.5707,0.1931,0.5988,Very Large
Nepal,South Asia,2020,4.405,0.6169,0.4733,0.3802,0.58,0.0381,0.6701,Very Large
Afghanistan,South Asia,2020,4.175,0.6018,0.4773,0.3081,0.4616,0.0835,0.6768,Large
Mauritius,Sub-Saharan Africa,2020,4.175,0.6143,0.4647,0.3167,0.497,0.1901,0.6269,Very Large
Nigeria,Sub-Saharan Africa,2020,4.25,0.675,0.4432,0.3563,0.4343,0.1956,0.6295,Very Large
South Africa,Sub-Saharan Africa,2020,3.298,0.4133,0.3976,0.2716,0.3175,0.2011,0.6697,Large
Kenya,Sub-Saharan Africa,2020,4.167,0.5645,0.474,0.3348,0.4153,0.1192,0.7069,Very Large
Tanzania,Sub-Saharan Africa,2020,3.912,0.6285,0.4242,0.3288,0.5023,-0.0477,0.6552,Very Large
Uganda,Sub-Saharan Africa,2020,4.489,0.6631,0.5535,0.341,0.4981,0.1375,0.6876,Very Large
Ethiopia,Sub-Saharan Africa,2020,4.327,0.666,0.5028,0.3315,0.4544,0.1816,0.637,Very Large
Ghana,Sub-Saharan Africa,2020,4.345,0.7555,0.5562,0.3378,0.538,0.1174,0.5709,Very Large
Senegal,Sub-Saharan Africa,2020,3.696,0.4609,0.4295,0.2962,0.4904,0.1762,0.6956,Very Large
Rwanda,Sub-Saharan Africa,2020,4.615,0.5816,0.5632,0.3923,0.4337,0.2415,0.6444,Very Large
Finland,Western Europe,2021,7.012,1.0805,0.9299,0.5648,0.7816,0.1133,0.4066,Very Large
Denmark,Western Europe,2021,7.635,1.0995,0.9167,0.5949,0.8,0.1767,0.4323,Very Large
Norway,Western Europe,2021,6.965,1.0283,0.7942,0.5423,0.7828,0.2106,0.4075,Very Large
Iceland,Western Europe,2021,7.655,1.213,0.9327,0.6671,0.8,0.0504,0.3181,Very Large
Netherlands,Western Europe,2021,7.968,1.2249,0.9515,0.6442,0.8,0.3457,0.3693,Very Large
Switzerland,Western Europe,2021,7.275,1.1245,0.8898,0.5871,0.7585,0.1877,0.4949,Very Large
Sweden,Western Europe,2021,7.893,1.2606,0.9243,0.6001,0.8,0.1545,0.414,Very Large
Austria,Western Europe,2021,6.374,1.0295,0.7561,0.4955,0.6483,0.0176,0.5246,Very Large
Luxembourg,Western Europe,2021,7.257,1.021,0.8166,0.5689,0.8,0.1292,0.3609,Very Large
United Kingdom,Western Europe,2021,7.097,1.0479,0.7414,0.5645,0.7669,0.2057,0.5078,Very Large
Ireland,Western Europe,2021,7.783,1.151,0.8873,0.6983,0.8,0.1511,0.378,Very Large
Germany,Western Europe,2021,7.319,1.0876,0.8529,0.5675,0.8,0.1065,0.3876,Large
Belgium,Western Europe,2021,7.273,1.0752,0.9305,0.5007,0.8,0.2497,0.3368,Very Large
France,Western Europe,2021,7.049,1.0357,0.7871,0.539,0.7176,0.2902,0.4751,Very Large
Spain,Western Europe,2021,7.856,1.2115,0.8951,0.6111,0.8,0.0522,0.4017,Very Large
Italy,Western Europe,2021,7.1,1.0432,0.878,0.5797,0.7607,0.2427,0.3904,Very Large
Canada,North America,2021,7.328,1.1259,0.8646,0.5944,0.7413,0.2239,0.408,Very Large
United States,North America,2021,6.759,1.0632,0.7805,0.4968,0.6634,0.1985,0.4097,Very Large
Mexico,North America,2021,7.897,1.0775,1.0,0.6365,0.8,0.1064,0.3858,Very Large
Costa Rica,North America,2021,7.001,1.1023,0.8423,0.563,0.7497,0.1454,0.4538,Very Large
Panama,North America,2021,6.165,0.8543,0.7671,0.4967,0.6667,0.1515,0.5223,Large
Australia,Australia and New Zealand,2021,7.05,1.0156,0.8514,0.5331,0.7937,0.0138,0.4788,Very Large
New Zealand,Australia and New Zealand,2021,7.556,1.1432,0.9437,0.6529,0.8,0.0027,0.3459,Large
Israel,Middle East and North Africa,2021,5.708,0.8544,0.7032,0.4332,0.635,0.0896,0.5205,Very Large
United Arab Emirates,Middle East and North Africa,2021,5.317,0.7483,0.5815,0.3945,0.6353,0.074,0.6816,Very Large
Saudi Arabia,Middle East and North Africa,2021,6.267,0.9462,0.7153,0.5207,0.6584,0.1598,0.6027,Very Large
Qatar,Middle East and North Africa,2021,5.972,0.9503,0.6861,0.4751,0.7433,0.0998,0.5963,Large
Kuwait,Middle East and North Africa,2021,6.374,0.925,0.7878,0.5375,0.73,0.0244,0.4626,Very Large
Bahrain,Middle East and North Africa,2021,5.896,0.8777,0.73,0.4754,0.5796,0.1804,0.5543,Large
Jordan,Middle East and North Africa,2021,6.3,0.996,0.7869,0.5162,0.6873,0.0171,0.5148,Large
Morocco,Middle East and North Africa,2021,6.124,0.9292,0.6814,0.4559,0.7241,0.1468,0.539,Very Large
Egypt,Middle East and North Africa,2021,6.034,0.9036,0.7592,0.4657,0.6664,0.113,0.5015,Large
Chile,Latin America and Caribbean,2021,5.965,0.9029,0.6943,0.5133,0.6093,0.1351,0.5068,Very Large
Brazil,Latin America and Caribbean,2021,6.843,1.0334,0.8601,0.5013,0.7639,0.2212,0.4574,Very Large
Argentina,Latin America and Caribbean,2021,6.653,0.969,0.8523,0.5996,0.7115,0.1144,0.5275,Large
Uruguay,Latin America and Caribbean,2021,6.91,1.0073,0.81,0.5427,0.6907,0.0765,0.4087,Very Large
Colombia,Latin America and Caribbean,2021,5.736,0.8557,0.6953,0.5038,0.5789,0.2287,0.5342,Very Large
Ecuador,Latin America and Caribbean,2021,6.095,0.945,0.6841,0.4975,0.6766,0.1894,0.5255,Very Large
Peru,Latin America and Caribbean,2021,7.348,1.0673,0.8581,0.5675,0.7783,0.099,0.4613,Very Large
Paraguay,Latin America and Caribbean,2021,6.83,0.993,0.7839,0.559,0.7215,0.2006,0.4633,Very Large
Bolivia,Latin America and Caribbean,2021,5.362,0.8787,0.7129,0.409,0.5682,0.1729,0.586,Very Large
Venezuela,Latin America and Caribbean,2021,6.449,1.0649,0.7644,0.4904,0.6383,0.0915,0.4843,Very Large
Czech Republic,Eastern Europe,2021,6.717,0.9787,0.8126,0.5353,0.7961,0.3522,0.443,Very Large
Poland,Eastern Europe,2021,5.575,0.8855,0.6939,0.4998,0.6403,0.1213,0.5792,Very Large
Lithuania,Eastern Europe,2021,6.374,0.9942,0.7828,0.5403,0.7574,0.2606,0.5176,Very Large
Russia,Eastern Europe,2021,5.736,0.8648,0.7342,0.4328,0.6472,0.1185,0.5438,Very Large
Latvia,Eastern Europe,2021,6.459,0.9754,0.7746,0.4743,0.7456,0.2016,0.5714,Very Large
Romania,Eastern Europe,2021,5.666,0.8579,0.6875,0.499,0.6163,0.1723,0.5726,Very Large
Serbia,Eastern Europe,2021,5.913,0.8617,0.715,0.5037,0.5969,0.1606,0.5005,Very Large
Bulgaria,Eastern Europe,2021,6.418,0.8835,0.7453,0.5231,0.782,0.1447,0.466,Very Large
Ukraine,Eastern Europe,2021,6.761,0.9387,0.7209,0.5524,0.7164,0.0683,0.4891,Very Large
Belarus,Eastern Europe,2021,5.942,0.8601,0.6594,0.4999,0.6839,0.1421,0.6001,Very Large
Singapore,Southeast Asia,2021,5.385,0.7285,0.6161,0.4278,0.6023,0.1307,0.5849,Large
Thailand,Southeast Asia,2021,5.294,0.8633,0.6296,0.4555,0.5973,0.1865,0.6009,Very Large
Philippines,Southeast Asia,2021,6.144,0.9507,0.788,0.4958,0.7091,0.1428,0.5677,Very Large
Indonesia,Southeast Asia,2021,5.582,0.9243,0.6658,0.402,0.6182,0.0955,0.5887,Very Large
Vietnam,Southeast Asia,2021,5.594,0.8137,0.5933,0.4323,0.4919,0.0233,0.5845,Very Large
Malaysia,Southeast Asia,2021,6.313,0.9652,0.7165,0.502,0.692,0.0573,0.5567,Very Large
Myanmar,Southeast Asia,2021,6.359,0.9398,0.7617,0.5133,0.5952,0.1302,0.4656,Very Large
Cambodia,Southeast Asia,2021,5.419,0.7958,0.7198,0.4512,0.5654,0.1958,0.624,Large
Laos,Southeast Asia,2021,6.382,0.9573,0.7376,0.5299,0.7195,0.2216,0.5164,Very Large
Taiwan,East Asia,2021,6.945,1.012,0.8837,0.5599,0.8,0.0949,0.5155,Very Large
Japan,East Asia,2021,6.519,0.9423,0.7605,0.5103,0.7361,0.1918,0.4571,Very Large
South Korea,East Asia,2021,6.408,1.0653,0.8356,0.5241,0.7046,0.1596,0.5135,Very Large
China,East Asia,2021,5.909,0.8704,0.6399,0.4831,0.6801,0.1113,0.5919,Very Large
Hong Kong,East Asia,2021,5.807,0.7948,0.7034,0.4944,0.7208,0.1133,0.5802,Large
Mongolia,East Asia,2021,6.401,0.9485,0.801,0.53,0.6231,0.2681,0.5447,Very Large
India,South Asia,2021,4.207,0.6479,0.5222,0.3428,0.4331,0.0963,0.664,Large
Pakistan,South Asia,2021,5.106,0.7901,0.5955,0.4301,0.4171,0.2419,0.5235,Very Large
Bangladesh,South Asia,2021,4.339,0.5918,0.4665,0.3803,0.4517,0.1777,0.6526,Very Large
Sri Lanka,South Asia,2021,4.759,0.7146,0.5173,0.409,0.4965,0.0255,0.6038,Very Large
Nepal,South Asia,2021,5.27,0.8301,0.6161,0.4096,0.5615,0.3161,0.5952,Very Large
Afghanistan,South Asia,2021,4.735,0.7588,0.5754,0.3694,0.5088,0.1443,0.6213,Very Large
Mauritius,Sub-Saharan Africa,2021,4.584,0.6872,0.577,0.3627,0.506,-0.0099,0.6715,Very Large
Nigeria,Sub-Saharan Africa,2021,4.393,0.7059,0.4089,0.4125,0.4741,0.2387,0.6085,Large
South Africa,Sub-Saharan Africa,2021,4.526,0.6233,0.5158,0.4179,0.4862,0.1674,0.6743,Small
Kenya,Sub-Saharan Africa,2021,4.468,0.6747,0.5483,0.4279,0.4864,0.1661,0.6862,Very Large
Tanzania,Sub-Saharan Africa,2021,4.773,0.7723,0.5959,0.3459,0.6045,0.0583,0.6319,Very Large
Uganda,Sub-Saharan Africa,2021,3.843,0.5702,0.4719,0.3155,0.4416,0.2791,0.7123,Very Large
Ethiopia,Sub-Saharan Africa,2021,4.098,0.6599,0.5369,0.2894,0.4784,0.2061,0.6619,Large
Ghana,Sub-Saharan Africa,2021,4.908,0.7257,0.5916,0.3858,0.5384,0.0623,0.5514,Very Large
Senegal,Sub-Saharan Africa,2021,5.017,0.7072,0.56,0.3352,0.5177,0.0442,0.6659,Very Large
Rwanda,Sub-Saharan Africa,2021,4.725,0.6713,0.6547,0.4058,0.5013,-0.05,0.7152,Very Large
Finland,Western Europe,2022,6.545,0.8935,0.8215,0.5936,0.7848,0.1951,0.5034,Very Large
Denmark,Western Europe,2022,7.667,1.182,0.9265,0.6133,0.8,0.0897,0.3786,Very Large
Norway,Western Europe,2022,6.394,0.9481,0.7229,0.4752,0.7079,0.2614,0.5285,Very Large
Iceland,Western Europe,2022,6.455,0.9127,0.8074,0.4837,0.6944,0.194,0.4481,Very Large
Netherlands,Western Europe,2022,7.293,1.0212,0.8463,0.5898,0.7181,0.1852,0.419,Very Large
Switzerland,Western Europe,2022,7.516,1.1326,0.9517,0.6019,0.8,0.1598,0.4236,Medium
Sweden,Western Europe,2022,7.264,1.0857,0.8389,0.5581,0.7246,0.29,0.3723,Large
Austria,Western Europe,2022,6.894,0.9921,0.8582,0.5394,0.8,0.0961,0.4629,Very Large
Luxembourg,Western Europe,2022,6.822,1.1246,0.7664,0.5519,0.7777,0.1831,0.45,Very Large
United Kingdom,Western Europe,2022,7.175,1.0725,0.8503,0.5997,0.8,0.1054,0.3744,Very Large
Ireland,Western Europe,2022,7.196,1.2024,0.8266,0.6216,0.8,0.1057,0.4503,Very Large
Germany,Western Europe,2022,8.054,1.1832,0.9536,0.6237,0.8,0.0981,0.3099,Very Large
Belgium,Western Europe,2022,7.257,1.0441,0.8754,0.5307,0.8,0.2167,0.3429,Very Large
France,Western Europe,2022,7.427,1.1694,0.8381,0.6411,0.8,0.0936,0.4068,Very Large
Spain,Western Europe,2022,7.519,1.1257,0.919,0.5707,0.8,0.0369,0.3972,Very Large
Italy,Western Europe,2022,6.788,0.9754,0.8592,0.5726,0.7727,0.0626,0.4475,Very Large
Canada,North America,2022,7.647,1.1481,1.0,0.6203,0.8,0.1253,0.3968,Very Large
United States,North America,2022,6.964,1.074,0.8691,0.5303,0.6951,0.0031,0.4664,Very Large
Mexico,North America,2022,6.488,0.8596,0.7893,0.5907,0.709,0.2171,0.4874,Very Large
Costa Rica,North America,2022,6.991,1.0885,0.8225,0.5641,0.7806,0.0966,0.4836,Very Large
Panama,North America,2022,6.953,0.9991,0.851,0.526,0.7618,0.1493,0.4904,Very Large
Australia,Australia and New Zealand,2022,7.577,1.1294,0.9372,0.6447,0.8,0.1508,0.3445,Very Large
New Zealand,Australia and New Zealand,2022,6.807,0.9999,0.7877,0.5358,0.7473,0.1924,0.4558,Very Large
Israel,Middle East and North Africa,2022,6.283,0.9397,0.6702,0.4713,0.6796,0.0532,0.5245,Very Large
United Arab Emirates,Middle East and North Africa,2022,6.805,1.0757,0.8033,0.586,0.7516,0.123,0.4342,Large
Saudi Arabia,Middle East and North Africa,2022,5.889,0.8579,0.7087,0.4727,0.6435,0.185,0.5797,Very Large
Qatar,Middle East and North Africa,2022,6.515,0.897,0.6748,0.546,0.6439,0.132,0.4352,Very Large
Kuwait,Middle East and North Africa,2022,5.139,0.7919,0.6422,0.3906,0.4313,0.1063,0.6078,Very Large
Bahrain,Middle East and North Africa,2022,5.301,0.7982,0.6307,0.4382,0.5846,0.0722,0.627,Very Large
Jordan,Middle East and North Africa,2022,5.961,0.8867,0.6732,0.4604,0.607,0.1362,0.5948,Very Large
Morocco,Middle East and North Africa,2022,5.354,0.7164,0.6965,0.4188,0.5511,0.2332,0.5507,Very Large
Egypt,Middle East and North Africa,2022,6.953,1.0708,0.81,0.6178,0.7301,0.2094,0.4589,Very Large
Chile,Latin America and Caribbean,2022,6.791,1.0907,0.8114,0.5175,0.7656,0.0958,0.5405,Medium
Brazil,Latin America and Caribbean,2022,6.208,0.907,0.7476,0.453,0.6299,0.246,0.4803,Very Large
Argentina,Latin America and Caribbean,2022,5.617,0.8633,0.7166,0.4677,0.6632,0.0895,0.497,Very Large
Uruguay,Latin America and Caribbean,2022,6.891,1.0115,0.812,0.5879,0.7814,0.1865,0.5385,Very Large
Colombia,Latin America and Caribbean,2022,5.818,0.9131,0.6957,0.4703,0.712,0.1906,0.5593,Small
Ecuador,Latin America and Caribbean,2022,6.676,0.9772,0.7628,0.4996,0.6317,0.3145,0.425,Very Large
Peru,Latin America and Caribbean,2022,6.029,0.8846,0.731,0.5036,0.7019,0.1034,0.5142,Very Large
Paraguay,Latin America and Caribbean,2022,6.281,0.9238,0.8132,0.514,0.7233,0.203,0.5476,Very Large
Bolivia,Latin America and Caribbean,2022,6.231,0.8637,0.7588,0.4757,0.6545,0.1969,0.5543,Very Large
Venezuela,Latin America and Caribbean,2022,6.151,0.932,0.8014,0.4961,0.8,0.1952,0.4407,Large
Czech Republic,Eastern Europe,2022,6.217,0.9456,0.7928,0.5143,0.6725,0.0521,0.4975,Very Large
Poland,Eastern Europe,2022,5.415,0.7772,0.6685,0.4801,0.611,0.0543,0.5878,Very Large
Lithuania,Eastern Europe,2022,6.438,0.9293,0.7624,0.5123,0.6646,0.2019,0.4833,Very Large
Russia,Eastern Europe,2022,6.05,0.8571,0.7037,0.5025,0.6424,0.2882,0.5032,Very Large
Latvia,Eastern Europe,2022,5.952,0.9335,0.6527,0.4202,0.5741,0.251,0.5049,Very Large
Romania,Eastern Europe,2022,7.119,1.0337,0.8569,0.6126,0.8,0.3149,0.482,Large
Serbia,Eastern Europe,2022,6.352,0.9764,0.7886,0.4884,0.6534,0.1497,0.4882,Very Large
Bulgaria,Eastern Europe,2022,5.613,0.8708,0.707,0.4485,0.6869,0.0587,0.5464,Very Large
Ukraine,Eastern Europe,2022,5.482,0.7229,0.6497,0.4317,0.6742,0.2005,0.5237,Large
Belarus,Eastern Europe,2022,6.767,1.0701,0.8305,0.5314,0.692,0.1202,0.5054,Very Large
Singapore,Southeast Asia,2022,6.882,1.1035,0.8015,0.5138,0.7597,0.0085,0.4655,Very Large
Thailand,Southeast Asia,2022,5.866,0.8506,0.6354,0.4815,0.6142,0.0564,0.419,Very Large
Philippines,Southeast Asia,2022,5.926,0.9715,0.7728,0.4572,0.6174,0.1875,0.4892,Very Large
Indonesia,Southeast Asia,2022,6.091,0.9459,0.7752,0.4811,0.6554,0.0798,0.4829,Very Large
Vietnam,Southeast Asia,2022,5.827,0.8864,0.731,0.4388,0.7112,0.1283,0.5362,Very Large
Malaysia,Southeast Asia,2022,5.566,0.7077,0.6985,0.4642,0.5938,0.1554,0.5785,Very Large
Myanmar,Southeast Asia,2022,5.159,0.7414,0.646,0.3719,0.5777,0.0415,0.6092,Small
Cambodia,Southeast Asia,2022,5.922,0.8016,0.7525,0.4485,0.6065,0.166,0.5754,Very Large
Laos,Southeast Asia,2022,5.432,0.8119,0.6642,0.4522,0.602,0.1206,0.5355,Very Large
Taiwan,East Asia,2022,6.483,0.9129,0.6563,0.5285,0.7539,-0.039,0.4442,Very Large
Japan,East Asia,2022,6.75,1.1093,0.806,0.5149,0.7289,0.26,0.4374,Very Large
South Korea,East Asia,2022,6.04,0.8759,0.6819,0.4837,0.7413,0.1758,0.5099,Medium
China,East Asia,2022,6.294,0.86,0.7858,0.498,0.6789,0.4054,0.5116,Very Large
Hong Kong,East Asia,2022,6.064,0.8823,0.7688,0.4853,0.5907,0.2235,0.4913,Very Large
Mongolia,East Asia,2022,7.377,1.1545,0.8625,0.6254,0.8,0.2182,0.4325,Very Large
India,South Asia,2022,4.117,0.5793,0.5304,0.3161,0.4283,0.0736,0.6908,Very Large
Pakistan,South Asia,2022,5.571,0.7763,0.6647,0.4849,0.6045,0.1862,0.515,Very Large
Bangladesh,South Asia,2022,4.754,0.6978,0.6051,0.4128,0.648,0.1964,0.6359,Very Large
Sri Lanka,South Asia,2022,4.637,0.6719,0.5652,0.3589,0.5141,0.2554,0.592,Large
Nepal,South Asia,2022,5.11,0.8263,0.6037,0.3419,0.5273,0.2538,0.5935,Very Large
Afghanistan,South Asia,2022,4.04,0.5748,0.5137,0.3364,0.4281,0.1207,0.6643,Very Large
Mauritius,Sub-Saharan Africa,2022,3.779,0.6416,0.4358,0.3356,0.4873,0.2299,0.6836,Very Large
Nigeria,Sub-Saharan Africa,2022,4.442,0.6591,0.4921,0.3619,0.4253,0.245,0.6293,Medium
South Africa,Sub-Saharan Africa,2022,4.341,0.6593,0.5057,0.3616,0.4493,0.2197,0.6021,Very Large
Kenya,Sub-Saharan Africa,2022,4.303,0.7364,0.4716,0.3207,0.4946,0.1644,0.673,Very Large
Tanzania,Sub-Saharan Africa,2022,4.485,0.6984,0.5777,0.3679,0.4768,0.2038,0.7204,Very Large
Uganda,Sub-Saharan Africa,2022,4.174,0.5713,0.5403,0.3271,0.3461,0.2178,0.6479,Very Large
Ethiopia,Sub-Saharan Africa,2022,4.195,0.6398,0.5062,0.3537,0.4352,0.191,0.6572,Medium
Ghana,Sub-Saharan Africa,2022,4.609,0.7162,0.5109,0.3981,0.4758,0.2146,0.6491,Very Large
Senegal,Sub-Saharan Africa,2022,5.159,0.7567,0.6003,0.4089,0.5479,0.214,0.5258,Very Large
Rwanda,Sub-Saharan Africa,2022,3.713,0.4976,0.4788,0.3452,0.3988,0.1365,0.7089,Very Large
Finland,Western Europe,2023,7.841,1.1208,0.9432,0.6517,0.8,0.1652,0.4176,Very Large
Denmark,Western Europe,2023,5.908,0.9112,0.6756,0.413,0.6689,0.2599,0.5266,Very Large
Norway,Western Europe,2023,7.736,1.2321,0.9738,0.6633,0.8,0.156,0.3218,Very Large
Iceland,Western Europe,2023,7.137,1.0194,0.9361,0.5609,0.7846,0.1941,0.4356,Large
Netherlands,Western Europe,2023,8.108,1.176,0.9735,0.6215,0.8,0.1011,0.3547,Very Large
Switzerland,Western Europe,2023,7.045,1.0132,0.782,0.5563,0.6932,0.2108,0.4445,Medium
Sweden,Western Europe,2023,6.531,0.9552,0.7465,0.5273,0.7789,-0.0,0.4869,Very Large
Austria,Western Europe,2023,7.18,1.1016,0.8629,0.547,0.7672,0.0863,0.4734,Very Large
Luxembourg,Western Europe,2023,7.271,1.1767,0.8629,0.5556,0.7175,0.0057,0.3598,Large
United Kingdom,Western Europe,2023,7.394,1.1255,0.8168,0.6135,0.7825,0.1617,0.4778,Very Large
Ireland,Western Europe,2023,7.708,1.1338,0.8822,0.5473,0.8,0.1331,0.3486,Very Large
Germany,Western Europe,2023,7.194,1.074,0.8471,0.5512,0.7932,0.1854,0.3856,Very Large
Belgium,Western Europe,2023,7.965,1.1809,0.9494,0.6537,0.8,0.2263,0.379,Very Large
France,Western Europe,2023,6.954,1.0521,0.7815,0.5548,0.7567,0.1334,0.4434,Very Large
Spain,Western Europe,2023,6.319,0.9114,0.7548,0.5055,0.6371,0.2513,0.4646,Very Large
Italy,Western Europe,2023,7.745,1.1741,0.8963,0.668,0.7856,0.2235,0.4252,Very Large
Canada,North America,2023,6.725,1.0693,0.7898,0.5418,0.7461,0.1393,0.4993,Very Large
United States,North America,2023,7.457,1.0221,0.9398,0.5419,0.8,0.2401,0.3646,Very Large
Mexico,North America,2023,6.855,0.9639,0.8068,0.5343,0.7864,0.2548,0.5123,Very Large
Costa Rica,North America,2023,6.779,0.9974,0.7389,0.5133,0.7873,0.2792,0.4131,Very Large
Panama,North America,2023,6.764,1.0042,0.8157,0.512,0.7586,0.1121,0.4631,Very Large
Australia,Australia and New Zealand,2023,7.633,1.1363,0.8913,0.6026,0.8,0.1204,0.3838,Very Large
New Zealand,Australia and New Zealand,2023,8.159,1.2429,0.9601,0.6689,0.8,0.2438,0.3668,Very Large
Israel,Middle East and North Africa,2023,6.006,0.9143,0.6507,0.4419,0.5944,0.1614,0.5936,Large
United Arab Emirates,Middle East and North Africa,2023,7.176,1.0993,0.8739,0.5152,0.7556,0.087,0.4059,Very Large
Saudi Arabia,Middle East and North Africa,2023,5.976,0.8638,0.6307,0.4957,0.5971,0.1691,0.6097,Very Large
Qatar,Middle East and North Africa,2023,5.6,0.7045,0.6534,0.4763,0.7074,0.0516,0.5766,Very Large
Kuwait,Middle East and North Africa,2023,5.827,0.8598,0.7979,0.4163,0.6471,0.1874,0.582,Very Large
Bahrain,Middle East and North Africa,2023,6.109,0.9228,0.7102,0.492,0.6482,0.1997,0.5013,Very Large
Jordan,Middle East and North Africa,2023,6.249,0.9268,0.7877,0.4935,0.5921,0.251,0.4687,Very Large
Morocco,Middle East and North Africa,2023,5.733,0.8212,0.7358,0.3898,0.7809,0.2345,0.5551,Very Large
Egypt,Middle East and North Africa,2023,6.033,0.9102,0.7376,0.4972,0.6848,0.1572,0.5143,Very Large
Chile,Latin America and Caribbean,2023,6.084,0.8939,0.7683,0.4998,0.5157,0.2025,0.5258,Very Large
Brazil,Latin America and Caribbean,2023,6.151,0.8942,0.7758,0.5157,0.6313,0.1826,0.4739,Very Large
Argentina,Latin America and Caribbean,2023,5.47,0.7802,0.6837,0.4614,0.6208,0.208,0.5878,Large
Uruguay,Latin America and Caribbean,2023,5.839,0.8885,0.7255,0.485,0.6952,0.2067,0.5517,Very Large
Colombia,Latin America and Caribbean,2023,6.695,0.9939,0.7609,0.5259,0.6926,0.096,0.4634,Large
Ecuador,Latin America and Caribbean,2023,5.764,0.8402,0.6087,0.4627,0.6275,0.0846,0.5701,Large
Peru,Latin America and Caribbean,2023,6.629,0.9049,0.7577,0.5024,0.6756,0.2164,0.4667,Very Large
Paraguay,Latin America and Caribbean,2023,6.028,0.795,0.7415,0.4402,0.6594,0.1722,0.577,Very Large
Bolivia,Latin America and Caribbean,2023,5.506,0.6659,0.6608,0.4897,0.661,0.1668,0.5447,Very Large
Venezuela,Latin America and Caribbean,2023,6.564,0.9269,0.7995,0.5354,0.7684,0.3708,0.4954,Very Large
Czech Republic,Eastern Europe,2023,5.606,0.8305,0.5947,0.4228,0.5895,0.1081,0.5625,Very Large
Poland,Eastern Europe,2023,5.449,0.8644,0.6467,0.4308,0.5764,0.1624,0.6019,Large
Lithuania,Eastern Europe,2023,5.426,0.7721,0.6318,0.3889,0.5493,0.1119,0.6057,Very Large
Russia,Eastern Europe,2023,5.991,0.8994,0.7458,0.4704,0.672,0.1417,0.5361,Very Large
Latvia,Eastern Europe,2023,5.569,0.7044,0.6557,0.4834,0.6523,0.2272,0.6088,Very Large
Romania,Eastern Europe,2023,5.904,0.8865,0.6766,0.4581,0.6737,0.2463,0.5269,Very Large
Serbia,Eastern Europe,2023,5.635,0.8363,0.693,0.4027,0.4984,0.106,0.5052,Very Large
Bulgaria,Eastern Europe,2023,5.606,0.8245,0.6474,0.4872,0.6264,0.174,0.5812,Very Large
Ukraine,Eastern Europe,2023,5.291,0.8365,0.6246,0.4386,0.5218,0.0257,0.6143,Very Large
Belarus,Eastern Europe,2023,6.048,0.8531,0.6838,0.5128,0.5992,0.2814,0.4849,Very Large
Singapore,Southeast Asia,2023,6.279,0.9164,0.7704,0.4812,0.676,0.1533,0.4624,Very Large
Thailand,Southeast Asia,2023,6.33,0.9149,0.7433,0.4718,0.5616,0.1347,0.5949,Very Large
Philippines,Southeast Asia,2023,6.352,0.9429,0.7446,0.5041,0.7195,0.0555,0.5412,Very Large
Indonesia,Southeast Asia,2023,6.318,0.9746,0.7685,0.5012,0.722,0.1973,0.4852,Very Large
Vietnam,Southeast Asia,2023,5.673,0.8471,0.7355,0.4119,0.5441,0.1632,0.553,Large
Malaysia,Southeast Asia,2023,6.047,0.9102,0.7095,0.5236,0.5785,0.0837,0.5169,Large
Myanmar,Southeast Asia,2023,5.138,0.753,0.6759,0.4069,0.5702,0.0492,0.5691,Very Large
Cambodia,Southeast Asia,2023,5.772,0.841,0.7368,0.4737,0.5728,0.1697,0.5629,Very Large
Laos,Southeast Asia,2023,6.53,1.0495,0.7358,0.4933,0.6488,0.1313,0.501,Very Large
Taiwan,East Asia,2023,6.954,1.0303,0.8144,0.556,0.7165,0.3172,0.3842,Very Large
Japan,East Asia,2023,6.552,1.075,0.7794,0.5137,0.6963,0.1356,0.5355,Very Large
South Korea,East Asia,2023,5.354,0.8708,0.5783,0.4155,0.5609,0.1971,0.5125,Very Large
China,East Asia,2023,6.691,1.0959,0.7412,0.5362,0.6963,0.1841,0.4703,Very Large
Hong Kong,East Asia,2023,6.139,0.9363,0.8017,0.4806,0.7047,0.0465,0.4754,Very Large
Mongolia,East Asia,2023,6.696,1.0696,0.8106,0.5215,0.7299,0.05,0.4933,Small
India,South Asia,2023,5.001,0.7186,0.5741,0.4033,0.5217,0.1447,0.6887,Very Large
Pakistan,South Asia,2023,4.436,0.6386,0.4993,0.3724,0.4724,0.0981,0.7027,Very Large
Bangladesh,South Asia,2023,5.27,0.7514,0.5505,0.447,0.5388,0.2133,0.5044,Very Large
Sri Lanka,South Asia,2023,5.006,0.6814,0.6228,0.3961,0.4964,0.1174,0.6317,Very Large
Nepal,South Asia,2023,4.613,0.7122,0.6254,0.3173,0.5817,0.1583,0.5998,Very Large
Afghanistan,South Asia,2023,3.895,0.5658,0.497,0.303,0.4974,0.0339,0.6927,Very Large
Mauritius,Sub-Saharan Africa,2023,3.634,0.5543,0.4643,0.2733,0.2629,0.1659,0.7316,Very Large
Nigeria,Sub-Saharan Africa,2023,4.462,0.7221,0.4854,0.3726,0.5439,0.0077,0.6606,Very Large
South Africa,Sub-Saharan Africa,2023,4.008,0.5881,0.4877,0.3012,0.4005,0.1527,0.6407,Very Large
Kenya,Sub-Saharan Africa,2023,3.717,0.5825,0.3929,0.3126,0.4254,0.0119,0.6803,Very Large
Tanzania,Sub-Saharan Africa,2023,4.857,0.6705,0.5571,0.3976,0.5668,0.1299,0.5923,Very Large
Uganda,Sub-Saharan Africa,2023,4.971,0.8236,0.6285,0.3955,0.4998,0.0836,0.628,Very Large
Ethiopia,Sub-Saharan Africa,2023,4.469,0.7315,0.5551,0.3076,0.5376,0.0702,0.6319,Very Large
Ghana,Sub-Saharan Africa,2023,4.385,0.7485,0.6434,0.3642,0.4666,0.1928,0.6895,Very Large
Senegal,Sub-Saharan Africa,2023,4.1,0.6957,0.494,0.3381,0.4777,0.1837,0.7104,Very Large
Rwanda,Sub-Saharan Africa,2023,3.951,0.5558,0.423,0.3245,0.467,0.1866,0.7557,Very Large
Finland,Western Europe,2024,7.277,1.113,0.82,0.5642,0.8,0.2179,0.4125,Very Large
Denmark,Western Europe,2024,7.244,0.9987,0.8454,0.5998,0.8,0.1901,0.4289,Very Large
Norway,Western Europe,2024,7.284,1.0475,0.8924,0.5889,0.8,0.1079,0.3376,Very Large
Iceland,Western Europe,2024,7.829,1.1383,0.8953,0.6407,0.8,0.2348,0.4048,Very Large
Netherlands,Western Europe,2024,7.622,1.063,0.9535,0.6112,0.8,0.1615,0.3256,Very Large
Switzerland,Western Europe,2024,7.484,1.0592,0.8344,0.5467,0.8,0.0997,0.469,Very Large
Sweden,Western Europe,2024,7.012,0.9544,0.7872,0.5916,0.7547,0.1061,0.4518,Very Large
Austria,Western Europe,2024,7.531,1.1735,0.952,0.5853,0.7533,0.1169,0.4143,Large
Luxembourg,Western Europe,2024,6.798,0.9599,0.8199,0.536,0.7406,0.0893,0.4533,Very Large
United Kingdom,Western Europe,2024,6.818,1.0552,0.85,0.4836,0.6947,0.0303,0.435,Very Large
Ireland,Western Europe,2024,7.238,1.0013,0.8221,0.5425,0.7978,0.1555,0.3985,Very Large
Germany,Western Europe,2024,7.368,1.0659,0.8637,0.6333,0.8,0.046,0.4501,Very Large
Belgium,Western Europe,2024,7.686,1.0834,0.9454,0.6546,0.7805,0.0766,0.4323,Very Large
France,Western Europe,2024,7.416,1.1279,0.8939,0.5986,0.7406,0.2338,0.4599,Very Large
Spain,Western Europe,2024,7.165,1.0606,0.789,0.5823,0.8,0.145,0.4781,Large
Italy,Western Europe,2024,7.113,1.0832,0.8032,0.5619,0.7649,0.168,0.4226,Very Large
Canada,North America,2024,7.014,1.0814,0.8146,0.5065,0.8,0.2605,0.3936,Very Large
United States,North America,2024,7.425,1.0766,0.8919,0.5964,0.7962,0.0873,0.3848,Very Large
Mexico,North America,2024,6.622,0.9397,0.7823,0.5019,0.7537,0.269,0.4534,Large
Costa Rica,North America,2024,7.2,1.0929,0.8732,0.5719,0.8,0.1886,0.3809,Very Large
Panama,North America,2024,7.515,1.1596,0.8616,0.5959,0.8,0.1333,0.4482,Very Large
Australia,Australia and New Zealand,2024,8.562,1.233,0.9626,0.6877,0.8,0.1315,0.3796,Very Large
New Zealand,Australia and New Zealand,2024,6.711,1.0293,0.7714,0.582,0.8,0.0887,0.4476,Very Large
Israel,Middle East and North Africa,2024,6.51,0.9451,0.7698,0.5151,0.6113,0.1489,0.458,Very Large
United Arab Emirates,Middle East and North Africa,2024,5.833,0.9352,0.6402,0.4847,0.6189,0.1276,0.5713,Large
Saudi Arabia,Middle East and North Africa,2024,6.25,0.954,0.7791,0.4837,0.6481,0.0632,0.4734,Very Large
Qatar,Middle East and North Africa,2024,7.555,1.1834,0.8429,0.5583,0.8,0.1938,0.424,Very Large
Kuwait,Middle East and North Africa,2024,5.953,0.8746,0.7178,0.4724,0.535,0.1316,0.4961,Very Large
Bahrain,Middle East and North Africa,2024,6.168,1.0624,0.7452,0.4776,0.7157,0.1886,0.5298,Very Large
Jordan,Middle East and North Africa,2024,6.383,1.0483,0.7112,0.5185,0.6471,0.1944,0.459,Very Large
Morocco,Middle East and North Africa,2024,5.871,0.8539,0.734,0.4909,0.5748,0.1544,0.5083,Medium
Egypt,Middle East and North Africa,2024,5.451,0.7948,0.6322,0.5025,0.6124,0.0398,0.5477,Very Large
Chile,Latin America and Caribbean,2024,6.691,1.096,0.7298,0.4725,0.8,0.1812,0.4364,Very Large
Brazil,Latin America and Caribbean,2024,6.447,0.8233,0.7642,0.5192,0.7466,0.0689,0.494,Very Large
Argentina,Latin America and Caribbean,2024,5.717,0.8584,0.6407,0.4387,0.5703,0.2021,0.5834,Very Large
Uruguay,Latin America and Caribbean,2024,6.063,0.8993,0.66,0.4696,0.6556,0.3597,0.4769,Very Large
Colombia,Latin America and Caribbean,2024,6.912,1.0747,0.8311,0.5993,0.7701,0.1811,0.4513,Very Large
Ecuador,Latin America and Caribbean,2024,6.792,1.0616,0.7804,0.4974,0.7281,0.086,0.4605,Very Large
Peru,Latin America and Caribbean,2024,6.799,0.9849,0.8045,0.5392,0.7815,-0.0298,0.4382,Very Large
Paraguay,Latin America and Caribbean,2024,6.286,0.9909,0.725,0.4402,0.7136,0.0992,0.456,Very Large
Bolivia,Latin America and Caribbean,2024,5.868,0.8589,0.6703,0.3969,0.6815,0.252,0.563,Very Large
Venezuela,Latin America and Caribbean,2024,5.611,0.8196,0.6635,0.4605,0.6418,0.0913,0.5608,Very Large
Czech Republic,Eastern Europe,2024,6.109,0.9771,0.7516,0.506,0.6673,0.2628,0.5341,Very Large
Poland,Eastern Europe,2024,5.449,0.8756,0.6723,0.4163,0.5667,0.1737,0.589,Very Large
Lithuania,Eastern Europe,2024,5.979,0.9004,0.7758,0.504,0.6584,0.2253,0.4868,Very Large
Russia,Eastern Europe,2024,6.079,0.9903,0.7112,0.4545,0.6273,0.0628,0.4887,Very Large
Latvia,Eastern Europe,2024,5.695,0.7719,0.6744,0.4762,0.5722,0.2715,0.5713,Very Large
Romania,Eastern Europe,2024,6.395,0.9144,0.792,0.4725,0.7392,0.1637,0.5169,Large
Serbia,Eastern Europe,2024,5.292,0.7371,0.6494,0.3885,0.5965,0.0406,0.617,Medium
Bulgaria,Eastern Europe,2024,5.264,0.8052,0.6471,0.3938,0.5993,0.1708,0.5637,Large
Ukraine,Eastern Europe,2024,5.376,0.6962,0.6495,0.3767,0.5873,0.1289,0.6035,Very Large
Belarus,Eastern Europe,2024,5.729,0.8309,0.7072,0.462,0.6372,0.1875,0.4867,Very Large
Singapore,Southeast Asia,2024,6.358,0.9724,0.7127,0.4949,0.6887,0.1392,0.5111,Very Large
Thailand,Southeast Asia,2024,6.696,1.0464,0.7414,0.5479,0.7942,0.1809,0.5144,Very Large
Philippines,Southeast Asia,2024,6.986,1.0871,0.8387,0.5838,0.7669,0.1519,0.4335,Very Large
Indonesia,Southeast Asia,2024,6.762,0.9613,0.8631,0.5495,0.665,0.1794,0.3815,Very Large
Vietnam,Southeast Asia,2024,6.293,0.9762,0.7218,0.5007,0.7811,0.1095,0.4606,Very Large
Malaysia,Southeast Asia,2024,6.721,1.0943,0.797,0.5616,0.7976,0.0906,0.4493,Very Large
Myanmar,Southeast Asia,2024,6.595,1.0616,0.8044,0.4948,0.8,0.1075,0.4654,Large
Cambodia,Southeast Asia,2024,6.151,0.9884,0.7627,0.4981,0.691,0.1535,0.5366,Very Large
Laos,Southeast Asia,2024,4.715,0.6805,0.5659,0.3363,0.5292,0.1336,0.6994,Very Large
Taiwan,East Asia,2024,7.267,1.0547,0.8563,0.5727,0.7679,0.1656,0.3947,Large
Japan,East Asia,2024,5.915,0.9063,0.7253,0.4426,0.6866,0.0995,0.5434,Very Large
South Korea,East Asia,2024,6.89,1.0198,0.8354,0.5293,0.7393,0.1335,0.4253,Very Large
China,East Asia,2024,6.392,0.8693,0.7377,0.4964,0.6815,0.1307,0.4926,Very Large
Hong Kong,East Asia,2024,6.72,1.0397,0.7708,0.4951,0.6783,0.111,0.4547,Very Large
Mongolia,East Asia,2024,6.095,0.8374,0.7036,0.4866,0.6914,0.1054,0.5023,Very Large
India,South Asia,2024,4.117,0.6039,0.4505,0.3401,0.3547,0.1212,0.6891,Very Large
Pakistan,South Asia,2024,4.672,0.8234,0.565,0.3372,0.5003,0.0079,0.6294,Large
Bangladesh,South Asia,2024,4.163,0.6583,0.468,0.3232,0.4174,0.2891,0.6605,Very Large
Sri Lanka,South Asia,2024,5.496,0.8531,0.6692,0.4444,0.6155,-0.0042,0.5555,Very Large
Nepal,South Asia,2024,5.003,0.7359,0.5345,0.3922,0.6267,0.2498,0.6037,Very Large
Afghanistan,South Asia,2024,5.056,0.728,0.5289,0.3703,0.6255,0.1281,0.5922,Very Large
Mauritius,Sub-Saharan Africa,2024,4.13,0.7027,0.551,0.3906,0.4376,0.1736,0.6153,Very Large
Nigeria,Sub-Saharan Africa,2024,5.018,0.6824,0.6013,0.3622,0.5138,0.083,0.5806,Very Large
South Africa,Sub-Saharan Africa,2024,4.01,0.5622,0.505,0.2813,0.4434,0.2474,0.665,Very Large
Kenya,Sub-Saharan Africa,2024,3.921,0.5646,0.5081,0.3131,0.396,0.1887,0.6486,Very Large
Tanzania,Sub-Saharan Africa,2024,4.621,0.7015,0.5326,0.3381,0.4551,0.1928,0.6859,Very Large
Uganda,Sub-Saharan Africa,2024,3.961,0.6051,0.3823,0.293,0.4254,0.0772,0.652,Large
Ethiopia,Sub-Saharan Africa,2024,3.946,0.5945,0.4564,0.2421,0.3192,0.1015,0.709,Very Large
Ghana,Sub-Saharan Africa,2024,2.906,0.399,0.3181,0.2677,0.2916,0.1806,0.7796,Very Large
Senegal,Sub-Saharan Africa,2024,3.215,0.5086,0.3848,0.266,0.5411,-0.0167,0.8182,Very Large
Rwanda,Sub-Saharan Africa,2024,4.136,0.6228,0.4849,0.3118,0.4177,0.1764,0.6148,Very Large
